{
  "hombres": {
    "params": {
      "Intercept": 7.26488351925086,
      "C(sector_cat)[T.2]": -0.2335992390226554,
      "C(sector_cat)[T.3]": -0.2945443225260418,
      "C(sector_cat)[T.4]": -0.14451511717842005,
      "C(sector_cat)[T.5]": -0.027001757693691848,
      "C(sector_cat)[T.6]": -0.524487328079648,
      "C(sector_cat)[T.7]": -0.227241829004951,
      "C(ent_cat)[T.10]": -0.12566625835274078,
      "C(ent_cat)[T.11]": -0.07772371979305477,
      "C(ent_cat)[T.12]": -0.20560670857131333,
      "C(ent_cat)[T.13]": -0.12089954345102931,
      "C(ent_cat)[T.14]": 0.08130914083915948,
      "C(ent_cat)[T.15]": -0.14555170578825055,
      "C(ent_cat)[T.16]": 0.00850861391969002,
      "C(ent_cat)[T.17]": -0.2127481534445216,
      "C(ent_cat)[T.18]": 0.052533872895237727,
      "C(ent_cat)[T.19]": 0.15089728632371105,
      "C(ent_cat)[T.2]": 0.22827531839184226,
      "C(ent_cat)[T.20]": -0.2494429439652625,
      "C(ent_cat)[T.21]": -0.19019751906640195,
      "C(ent_cat)[T.22]": 0.0001245426739466841,
      "C(ent_cat)[T.23]": -0.037204385428995,
      "C(ent_cat)[T.24]": -0.100850227339959,
      "C(ent_cat)[T.25]": 0.06197141003233539,
      "C(ent_cat)[T.26]": 0.048017701511231296,
      "C(ent_cat)[T.27]": -0.20801066919491368,
      "C(ent_cat)[T.28]": -0.012851271812510437,
      "C(ent_cat)[T.29]": -0.22013220150675158,
      "C(ent_cat)[T.3]": 0.23635416855998717,
      "C(ent_cat)[T.30]": -0.18060427241989402,
      "C(ent_cat)[T.31]": -0.074323897931264,
      "C(ent_cat)[T.32]": -0.03403240719892049,
      "C(ent_cat)[T.4]": -0.1666515568208486,
      "C(ent_cat)[T.5]": -0.04194600102283423,
      "C(ent_cat)[T.6]": 0.14783211865688314,
      "C(ent_cat)[T.7]": -0.47023800279057454,
      "C(ent_cat)[T.8]": 0.15569795352366828,
      "C(ent_cat)[T.9]": 0.02822674926936202,
      "log_horas_w": 0.45515675378295667,
      "anios_escolaridad": 0.03882378099713199,
      "experiencia": 0.01925585477357645,
      "experiencia2": -0.00031093380628607886,
      "subordinado_i": -0.23598686669853686
    },
    "bse": {
      "Intercept": 0.04495068169377688,
      "C(sector_cat)[T.2]": 0.01019244526097132,
      "C(sector_cat)[T.3]": 0.011312324539115475,
      "C(sector_cat)[T.4]": 0.009217877340822416,
      "C(sector_cat)[T.5]": 0.025286469110156033,
      "C(sector_cat)[T.6]": 0.01232776988357781,
      "C(sector_cat)[T.7]": 0.044808681201804236,
      "C(ent_cat)[T.10]": 0.019086205804146612,
      "C(ent_cat)[T.11]": 0.019626303654842418,
      "C(ent_cat)[T.12]": 0.024257590360350183,
      "C(ent_cat)[T.13]": 0.023652635176681234,
      "C(ent_cat)[T.14]": 0.01777899189015698,
      "C(ent_cat)[T.15]": 0.018423368613568403,
      "C(ent_cat)[T.16]": 0.01984668726003568,
      "C(ent_cat)[T.17]": 0.021281558710137205,
      "C(ent_cat)[T.18]": 0.01853163033339134,
      "C(ent_cat)[T.19]": 0.017484622030971304,
      "C(ent_cat)[T.2]": 0.016206428484586474,
      "C(ent_cat)[T.20]": 0.02340724889594791,
      "C(ent_cat)[T.21]": 0.018849739581154424,
      "C(ent_cat)[T.22]": 0.02006344410358572,
      "C(ent_cat)[T.23]": 0.020072855839780784,
      "C(ent_cat)[T.24]": 0.02108930896266217,
      "C(ent_cat)[T.25]": 0.021499053864922773,
      "C(ent_cat)[T.26]": 0.02022430394674867,
      "C(ent_cat)[T.27]": 0.01978626636094741,
      "C(ent_cat)[T.28]": 0.017343883025798992,
      "C(ent_cat)[T.29]": 0.0175983464485127,
      "C(ent_cat)[T.3]": 0.020912705076759047,
      "C(ent_cat)[T.30]": 0.022402730342908423,
      "C(ent_cat)[T.31]": 0.017419954947773406,
      "C(ent_cat)[T.32]": 0.01996918551578721,
      "C(ent_cat)[T.4]": 0.01877960233969589,
      "C(ent_cat)[T.5]": 0.017783862245761985,
      "C(ent_cat)[T.6]": 0.0179075136905484,
      "C(ent_cat)[T.7]": 0.023092405825827042,
      "C(ent_cat)[T.8]": 0.017362556355531033,
      "C(ent_cat)[T.9]": 0.026005900914385385,
      "log_horas_w": 0.010082260881223173,
      "anios_escolaridad": 0.0010420057556108921,
      "experiencia": 0.0008467789479400214,
      "experiencia2": 1.705083336928119e-05,
      "subordinado_i": 0.007610126297419978
    },
    "r2": 0.42226947362365386,
    "n": 62917
  },
  "mujeres": {
    "params": {
      "Intercept": 6.677047174282772,
      "C(sector_cat)[T.2]": -0.2885451532945618,
      "C(sector_cat)[T.3]": -0.3200252974383531,
      "C(sector_cat)[T.4]": -0.08753708577413578,
      "C(sector_cat)[T.5]": 0.035625939705315315,
      "C(sector_cat)[T.6]": -0.24996352680675912,
      "C(sector_cat)[T.7]": -0.3698426895986102,
      "C(ent_cat)[T.10]": -0.10415344546482715,
      "C(ent_cat)[T.11]": -0.10556888429525667,
      "C(ent_cat)[T.12]": -0.2209502349748758,
      "C(ent_cat)[T.13]": -0.17704959473813967,
      "C(ent_cat)[T.14]": 0.027094898204768868,
      "C(ent_cat)[T.15]": -0.07224360121163557,
      "C(ent_cat)[T.16]": -0.09379669148234203,
      "C(ent_cat)[T.17]": -0.23063465623920343,
      "C(ent_cat)[T.18]": -0.044732814476413404,
      "C(ent_cat)[T.19]": 0.16759516945868244,
      "C(ent_cat)[T.2]": 0.27937601513441884,
      "C(ent_cat)[T.20]": -0.3056510783923551,
      "C(ent_cat)[T.21]": -0.21428845153326173,
      "C(ent_cat)[T.22]": 0.015248043024684615,
      "C(ent_cat)[T.23]": -0.023031316758739026,
      "C(ent_cat)[T.24]": -0.08864495410098722,
      "C(ent_cat)[T.25]": 0.043098618520533254,
      "C(ent_cat)[T.26]": 0.05155111672137318,
      "C(ent_cat)[T.27]": -0.2154759728730673,
      "C(ent_cat)[T.28]": -0.004162121546764245,
      "C(ent_cat)[T.29]": -0.2684783089161687,
      "C(ent_cat)[T.3]": 0.17906062008311846,
      "C(ent_cat)[T.30]": -0.19922913183569593,
      "C(ent_cat)[T.31]": -0.11176962945698636,
      "C(ent_cat)[T.32]": -0.1100238102900757,
      "C(ent_cat)[T.4]": -0.23226270376656605,
      "C(ent_cat)[T.5]": 0.004262044945886444,
      "C(ent_cat)[T.6]": 0.06122331968047573,
      "C(ent_cat)[T.7]": -0.2821891752045836,
      "C(ent_cat)[T.8]": 0.16302712603724578,
      "C(ent_cat)[T.9]": 0.04345757018810886,
      "log_horas_w": 0.551352404350655,
      "anios_escolaridad": 0.05060644907034068,
      "experiencia": 0.013771777075624552,
      "experiencia2": -0.0002115012560117221,
      "subordinado_i": -0.3642562256323254
    },
    "bse": {
      "Intercept": 0.0529809908315574,
      "C(sector_cat)[T.2]": 0.03350659450320965,
      "C(sector_cat)[T.3]": 0.03343980321214275,
      "C(sector_cat)[T.4]": 0.032731118478011294,
      "C(sector_cat)[T.5]": 0.053358223596144096,
      "C(sector_cat)[T.6]": 0.03876660656948492,
      "C(sector_cat)[T.7]": 0.07119349901079537,
      "C(ent_cat)[T.10]": 0.021965840587536332,
      "C(ent_cat)[T.11]": 0.022067750532988335,
      "C(ent_cat)[T.12]": 0.026517629926855364,
      "C(ent_cat)[T.13]": 0.029945647676923013,
      "C(ent_cat)[T.14]": 0.02165179804617974,
      "C(ent_cat)[T.15]": 0.023420410269126567,
      "C(ent_cat)[T.16]": 0.026023609891555423,
      "C(ent_cat)[T.17]": 0.0251016314964081,
      "C(ent_cat)[T.18]": 0.021793205992510393,
      "C(ent_cat)[T.19]": 0.022387392403525046,
      "C(ent_cat)[T.2]": 0.020170000270765175,
      "C(ent_cat)[T.20]": 0.027088744103070186,
      "C(ent_cat)[T.21]": 0.024044101135383383,
      "C(ent_cat)[T.22]": 0.02298071682867091,
      "C(ent_cat)[T.23]": 0.024800853905607045,
      "C(ent_cat)[T.24]": 0.02590464745111531,
      "C(ent_cat)[T.25]": 0.023933060750373093,
      "C(ent_cat)[T.26]": 0.023796499271087155,
      "C(ent_cat)[T.27]": 0.02451657220820104,
      "C(ent_cat)[T.28]": 0.021394061900429574,
      "C(ent_cat)[T.29]": 0.02154896025636687,
      "C(ent_cat)[T.3]": 0.02624165434977287,
      "C(ent_cat)[T.30]": 0.026400964157843168,
      "C(ent_cat)[T.31]": 0.022480761104758953,
      "C(ent_cat)[T.32]": 0.02499421287044792,
      "C(ent_cat)[T.4]": 0.02292808018071313,
      "C(ent_cat)[T.5]": 0.023474794983513,
      "C(ent_cat)[T.6]": 0.021439603572896117,
      "C(ent_cat)[T.7]": 0.02496153010620697,
      "C(ent_cat)[T.8]": 0.02043870093150664,