{
  "brecha_log": {
    "mediana": 0.31764507231617944,
    "ic_lo": 0.30225191135704393,
    "ic_hi": 0.3301230151919718
  },
  "explicado": {
    "mediana": 0.15684841497190177,
    "ic_lo": 0.14631812453841384,
    "ic_hi": 0.1693944833875032
  },
  "no_explicado": {
    "mediana": 0.1600052156882944,
    "ic_lo": 0.1508427648140161,
    "ic_hi": 0.1683636935066847
  },
  "aporte_horas": {
    "mediana": 0.15586843513242737,
    "ic_lo": 0.14836102413493002,
    "ic_hi": 0.16396565790336026
  },
  "aporte_composicion": {
    "mediana": 0.0014786652162997625,
    "ic_lo": -0.0065996755030305635,
    "ic_hi": 0.009646254096070455
  }
}